{
  "clustering": {
    "k": 2,
    "top_cells_used": 2000,
    "cluster_sizes": {
      "0": 1029,
      "1": 971
    },
    "cluster_peak_hour": {
      "0": 12,
      "1": 22
    }
  },
  "forecast": {
    "target_cell": 621,
    "test_days": 7,
    "flow_mae": 1732.5201416015625,
    "flow_mape": 1.2192445993423462,
    "user_mae": 107.69768524169922,
    "user_mape": 0.24176988005638123
  }
}