{
  "clustering": {
    "k": 3,
    "top_cells_used": 2000,
    "cluster_sizes": {
      "0": 376,
      "1": 1287,
      "2": 337
    },
    "cluster_peak_hour": {
      "0": 20,
      "1": 20,
      "2": 12
    },
    "ch_scores": {
      "2": 1141.436386005069,
      "3": 1183.8169987329566,
      "4": 1152.3497614772775,
      "5": 1155.454222949957,
      "6": 1154.8329625074086,
      "7": 1227.9232893498977,
      "8": 1246.923898181471
    },
    "db_scores": {
      "2": 1.0211464547515334,
      "3": 0.9067740225883857,
      "4": 0.9472543089458171,
      "5": 0.9153464670449646,
      "6": 0.83156857692437,
      "7": 0.8140715976192097,
      "8": 0.8215012934156207
    }
  },
  "forecast": {
    "target_cell": 621,
    "test_days": 7,
    "flow_mae": 1732.5201416015625,
    "flow_mape": 1.2192445993423462,
    "user_mae": 107.69768524169922,
    "user_mape": 0.24176988005638123
  },
  "highload": {
    "threshold": 6093868.3199999975,
    "count": 652
  },
  "silent": {
    "threshold": 0.5,
    "count": 6
  }
}