{
  "clustering": {
    "k": 2,
    "top_cells_used": 65174,
    "cluster_sizes": {
      "0": 11819,
      "1": 53355
    },
    "cluster_peak_hour": {
      "0": 20,
      "1": 12
    },
    "ch_scores": {
      "2": 47793.72469919391,
      "3": 47207.07658592288,
      "4": 50848.249371204256,
      "5": 47880.289476199505,
      "6": 47145.658330925406,
      "7": 46196.21707390173,
      "8": 45627.382397244604
    },
    "db_scores": {
      "2": 0.8409921057751398,
      "3": 0.8201858636442729,
      "4": 0.8050438704267271,
      "5": 0.886865957017984,
      "6": 0.8805277656271612,
      "7": 0.871964860810217,
      "8": 0.8825447779256915
    },
    "scene_chi2": 4132.226112642367,
    "scene_cramers_v": 0.25179949267796164,
    "type_chi2": 2750.0024015319077,
    "type_cramers_v": 0.2054136730644799
  },
  "forecast": {
    "target_cell": 621,
    "test_days": 7,
    "flow_mae": 1732.5201416015625,
    "flow_mape": 1.2192445993423462,
    "flow_mape_pct": 121.9244613647461,
    "flow_rmse": 6011.17626953125,
    "flow_r2": 0.7809606790542603,
    "user_mae": 107.69768524169922,
    "user_mape": 0.24176988005638123,
    "user_mape_pct": 24.17698860168457,
    "user_rmse": 316.4254455566406,
    "user_r2": 0.32161813974380493
  },
  "highload": {
    "threshold": 6093868.3199999975,
    "count": 652
  },
  "silent": {
    "threshold": 0.5,
    "count": 6
  },
  "feature_prediction": {
    "target": "flow_mean",
    "features_num": [
      "user_mean",
      "user_max",
      "user_std",
      "user_cv",
      "activity_mean",
      "par_mean",
      "silent_ratio",
      "flow_cv",
      "peak_ratio",
      "flow_per_user",
      "LATITUDE",
      "LONGITUDE"
    ],
    "features_cat": [
      "SCENE",
      "TYPE"
    ],
    "mae": 17.88472140201569,
    "rmse": 31.68824350688984,
    "mape": 0.02259823073174678,
    "mape_pct": 2.2598230731746782,
    "r2": 0.9987668250256934,
    "test_size": 13035
  }
}