{
  "clustering": {
    "k": 2,
    "top_cells_used": 65174,
    "cluster_sizes": {
      "0": 11819,
      "1": 53355
    },
    "cluster_peak_hour": {
      "0": 20,
      "1": 12
    },
    "ch_scores": {
      "2": 47793.72469919391,
      "3": 47207.07658592288,
      "4": 50848.249371204256,
      "5": 47880.289476199505,
      "6": 47145.658330925406,
      "7": 46196.21707390173,
      "8": 45627.382397244604
    },
    "db_scores": {
      "2": 0.8409921057751398,
      "3": 0.8201858636442729,
      "4": 0.8050438704267271,
      "5": 0.886865957017984,
      "6": 0.8805277656271612,
      "7": 0.871964860810217,
      "8": 0.8825447779256915
    }
  },
  "forecast": {
    "target_cell": 621,
    "test_days": 7,
    "flow_mae": 1732.5201416015625,
    "flow_mape": 1.2192445993423462,
    "user_mae": 107.69768524169922,
    "user_mape": 0.24176988005638123
  },
  "highload": {
    "threshold": 6093868.3199999975,
    "count": 652
  },
  "silent": {
    "threshold": 0.5,
    "count": 6
  }
}