metric,operator_a,operator_b,n_a,n_b,mean_a,mean_b,t_stat,p_value
x1_平均RSRP,电信,移动,86,172,-79.51895631488775,-78.74612555385778,-0.6866953281417836,0.49311414310176493
x1_平均SINR,电信,移动,86,172,9.158614602001643,10.55311692247871,-1.8745524895637642,0.06249458012057046
x1_覆盖率1,电信,移动,86,172,0.9337012518264933,0.9432291294228368,-0.562835814874635,0.5743287108542393
y1_应用层下行平均吞吐率,电信,移动,86,172,7.725446628918218,7.332728333871969,2.0321745293198306,0.043694733683604006
z1_应用层上行平均吞吐率,电信,移动,86,172,4.505712405915426,4.064344767320808,4.846472213195867,2.2586339407113892e-06
