operator,x1_平均RSRP_wmean,x1_平均RSRP_n,x1_平均SINR_wmean,x1_平均SINR_n,x1_覆盖率1_wmean,x1_覆盖率1_n,y1_应用层下行平均吞吐率_wmean,y1_应用层下行平均吞吐率_n,z1_应用层上行平均吞吐率_wmean,z1_应用层上行平均吞吐率_n
电信,-77.26826250366351,86,8.006119945751147,86,0.9340454116828614,86,7.072090026686374,86,4.396690492544283,86
移动,-76.576748249183,172,9.178238625361715,172,0.9460634651140662,172,7.046178505091292,172,4.070166026139812,172
