operator,coverage_score,experience_score,stability_score,spatial_score,volatility_score,composite_weighted
电信,0.0678010849761126,1.0,0.0,0.7410136123244219,0.4880367650320624,0.4769059895958977
移动,1.0,0.0,0.9729502291007321,0.6953310153978223,0.5,0.5988896981298198
联通,0.10337809543809982,0.9242894072237777,0.51605958100015,0.0,0.5,0.45634326222668825
