operator,y1_应用层下行平均吞吐率_dt_mean,y1_应用层下行平均吞吐率_cqt_mean,y1_应用层下行平均吞吐率_penalty,y1_应用层下行平均吞吐率_n_dt,y1_应用层下行平均吞吐率_n_cqt,z1_应用层上行平均吞吐率_dt_mean,z1_应用层上行平均吞吐率_cqt_mean,z1_应用层上行平均吞吐率_penalty,z1_应用层上行平均吞吐率_n_dt,z1_应用层上行平均吞吐率_n_cqt,x1_平均RSRP_dt_mean,x1_平均RSRP_cqt_mean,x1_平均RSRP_penalty,x1_平均RSRP_n_dt,x1_平均RSRP_n_cqt,x1_平均SINR_dt_mean,x1_平均SINR_cqt_mean,x1_平均SINR_penalty,x1_平均SINR_n_dt,x1_平均SINR_n_cqt,effective_dl_dt_mean,effective_dl_cqt_mean,effective_dl_penalty,effective_dl_n_dt,effective_dl_n_cqt,effective_ul_dt_mean,effective_ul_cqt_mean,effective_ul_penalty,effective_ul_n_dt,effective_ul_n_cqt
电信,7.635656496222817,8.036142021963915,-0.4004855257410984,46,40,4.490717628127666,4.662008140593742,-0.17129051246607574,46,40,-79.76701257529635,-81.07184905895937,1.3048364836630242,46,40,8.833755141673722,10.545727859479815,-1.711972717806093,46,40,7.6350008525807995,8.021128436537989,-0.3861275839571894,46,40,4.468258144321631,4.662008140593742,-0.19374999627211142,46,40
移动,6.806310536733134,6.886327725786209,-0.0800171890530752,46,40,3.675860258483323,3.4231097892830946,0.25275046920022826,46,40,-75.65595249318838,-78.80008099387172,3.144128500683337,46,40,10.392870900450589,12.722054958735683,-2.329184058285094,46,40,6.805100691608698,6.886327725786209,-0.08122703417751165,46,40,3.6751662620679566,3.4231097892830946,0.252056472784862,46,40
联通,7.507248842106156,7.97637408375209,-0.4691252416459335,46,40,4.4582518994608575,4.560291988338178,-0.1020400888773203,46,40,-78.74139642219836,-80.41315019148053,1.6717537692821622,46,40,8.247336668655525,10.20658422534968,-1.9592475566941552,46,40,7.494461105158251,7.97637408375209,-0.4819129785938383,46,40,4.4582518994608575,4.560291988338178,-0.1020400888773203,46,40
