operator,x1_平均RSRP_median,x1_平均RSRP_winsor_mean,x1_平均RSRP_outlier_rate,x1_平均RSRP_n,x1_平均SINR_median,x1_平均SINR_winsor_mean,x1_平均SINR_outlier_rate,x1_平均SINR_n,x1_覆盖率1_median,x1_覆盖率1_winsor_mean,x1_覆盖率1_outlier_rate,x1_覆盖率1_n,y1_应用层下行平均吞吐率_median,y1_应用层下行平均吞吐率_winsor_mean,y1_应用层下行平均吞吐率_outlier_rate,y1_应用层下行平均吞吐率_n,z1_应用层上行平均吞吐率_median,z1_应用层上行平均吞吐率_winsor_mean,z1_应用层上行平均吞吐率_outlier_rate,z1_应用层上行平均吞吐率_n
电信,-80.75796109956255,-80.31060805073616,0.023255813953488372,86,9.034241918771706,9.623775030076622,0.023255813953488372,86,0.971856245235498,0.955429984613989,0.06976744186046512,86,7.955264183715705,7.848168064812192,0.023255813953488372,86,4.605265635272845,4.578235284939117,0.046511627906976744,86
移动,-76.3273236790626,-77.13940219908585,0.03488372093023256,86,10.733032908076801,11.410408828374143,0.046511627906976744,86,0.98473099078341,0.9640170295064185,0.09302325581395349,86,6.696489068124815,6.843527833967122,0.0,86,3.884647000588715,3.5583019007157746,0.0,86
联通,-78.12809889500535,-79.47692434062566,0.011627906976744186,86,7.83018356112885,9.159480186915932,0.023255813953488372,86,0.96061927285765,0.9510794245965046,0.08139534883720931,86,8.015160290735736,7.77076793139666,0.023255813953488372,86,4.54712418085421,4.518327709473476,0.046511627906976744,86
