operator,test_distance_km,test_duration_h,avg_speed_kmh,x1_平均RSRP,x1_平均SINR,x1_覆盖率1,x1_覆盖率2,x2_平均RSRP,x2_平均SINR,x2_覆盖率1,x2_覆盖率2,delta_rsrp,abs_delta_rsrp,delta_cov2,abs_delta_cov2
电信,3.2473293840273003,0.4286171052631579,5.976434869793705,-73.09077304246556,7.815775519140116,0.9513801006110432,0.9569412724761147,-72.8225284962357,7.291172532550961,0.9262142259416964,0.93114622443851,0.10820401859873169,0.8957984533523038,0.0020412711749070536,0.017656290041859223
移动,2.9969319731383712,0.4232932748538012,5.652684966847098,-70.67994747608702,8.728859709089337,0.9424420340175412,0.9428099259406347,-71.67943214420922,6.748667231271847,0.9099061937303065,0.9108622310684577,0.7362726434768526,1.2117643932265914,0.006722200984985157,0.019325839712194613
联通,3.2730161631685846,0.43552781432748544,6.002825119721945,-89.257639317864,3.640561408584929,0.7135878503153359,0.7635234323343751,-89.02916856095446,2.85482448428126,0.6867361752725849,0.7236056113554402,0.8055288963639489,1.4869602701503861,0.02569136030898365,0.034539295213110714
