operator,test_distance_km,test_duration_h,avg_speed_kmh,x1_平均RSRP,x1_平均SINR,x1_覆盖率1,x1_覆盖率2,x2_平均RSRP,x2_平均SINR,x2_覆盖率1,x2_覆盖率2,delta_rsrp,abs_delta_rsrp,delta_cov2,abs_delta_cov2
电信,3.1701745068199103,0.42920175438596486,5.872791734353143,-89.16034089961879,3.7999815199393807,0.7460347579616764,0.7958150038741061,-88.10534802813187,3.086845871627267,0.7285410088675172,0.7633005524590823,0.6865281535020911,1.3324819018601552,0.023300576234065288,0.03031966827206817
移动,3.169360243296458,0.42911822002923977,5.874347022076981,-71.93272922605357,8.194705191481637,0.9311145464864685,0.9341547025377163,-72.22031634357252,7.026226505132776,0.9043642630774177,0.9073637882573733,0.46908753284709004,1.1164372351201044,0.004934127652648237,0.020082077095930902
