operator,x1_平均RSRP_median,x1_平均RSRP_winsor_mean,x1_平均RSRP_outlier_rate,x1_平均RSRP_n,x1_平均SINR_median,x1_平均SINR_winsor_mean,x1_平均SINR_outlier_rate,x1_平均SINR_n,x1_覆盖率1_median,x1_覆盖率1_winsor_mean,x1_覆盖率1_outlier_rate,x1_覆盖率1_n
电信,-87.94024164759725,-89.16034089961877,0.0,74,4.906325987496315,3.814022553078367,0.02702702702702703,74,0.9379824204154861,0.7460347579616764,0.0,74
移动,-71.5962601236572,-71.90143707901288,0.013157894736842105,152,8.81229849347992,8.224284928487725,0.02631578947368421,152,0.9836865983766345,0.9580100824658817,0.10526315789473684,152
