operator,x1_平均RSRP_wmean,x1_平均RSRP_n,x1_平均SINR_wmean,x1_平均SINR_n,x1_覆盖率1_wmean,x1_覆盖率1_n
电信,-89.47257185330999,74,2.6355399498865824,74,0.6845528170314816,74
移动,-72.36934132639769,152,7.072015670138108,152,0.9059678261913057,152
