operator,coverage_score,spatial_score,composite_weighted
电信,0.8969274103332192,1.0,0.9355796314582621
移动,0.9874707627037368,0.6833138184432304,0.8734119086060469
联通,0.0,0.0,0.0
