scene_l1,operator,test_distance_km,test_duration_h,avg_speed_kmh,x1_平均RSRP,x1_平均SINR,x1_覆盖率1,x1_覆盖率2,x2_平均RSRP,x2_平均SINR,x2_覆盖率1,x2_覆盖率2,delta_rsrp,abs_delta_rsrp,delta_cov2,abs_delta_cov2
定点,电信,,0.31239388888888886,,-89.59671778543664,4.442485151526266,0.7676922487827244,0.8308782018535407,,,,,,,,
定点,移动,,0.31239493055555556,,-72.06566875283787,9.163985251962483,0.9493839012458765,0.9535335249147094,,,,,,,,
驶测,电信,3.1701745068199103,0.5589882716049384,5.872791734353143,-88.6997208534777,3.121783242153224,0.7231740732061259,0.7588038504513696,-88.10534802813187,3.086845871627267,0.7285410088675172,0.7633005524590823,0.6865281535020911,1.3324819018601552,0.023300576234065288,0.03031966827206817
驶测,移动,3.169360243296458,0.5588107638888888,5.874347022076981,-71.78501864073769,7.117727346502921,0.9108152634204596,0.9126226776743904,-72.22031634357252,7.026226505132776,0.9043642630774177,0.9073637882573733,0.46908753284709004,1.1164372351201044,0.004934127652648237,0.020082077095930902
