operator,coverage_score,experience_score,stability_score,spatial_score,volatility_score,composite_weighted
电信,0.1899715025990878,0.06435178120190237,0.0,0.228135592706171,0.9732154848633686,0.19834029740260517
移动,1.0,1.0,0.6884345550811123,0.5,0.0,0.7626869110162224
联通,0.0025745480789749436,0.0,1.0,0.5683601954442258,0.9322265127267876,0.37912031760905635
