operator,x1_平均SS-RSRP_median,x1_平均SS-RSRP_winsor_mean,x1_平均SS-RSRP_outlier_rate,x1_平均SS-RSRP_n,x1_平均SS-SINR_median,x1_平均SS-SINR_winsor_mean,x1_平均SS-SINR_outlier_rate,x1_平均SS-SINR_n,x1_覆盖率1_median,x1_覆盖率1_winsor_mean,x1_覆盖率1_outlier_rate,x1_覆盖率1_n,y1_应用层下行平均吞吐率_median,y1_应用层下行平均吞吐率_winsor_mean,y1_应用层下行平均吞吐率_outlier_rate,y1_应用层下行平均吞吐率_n,z1_应用层上行平均吞吐率_median,z1_应用层上行平均吞吐率_winsor_mean,z1_应用层上行平均吞吐率_outlier_rate,z1_应用层上行平均吞吐率_n
电信,-77.56385522504655,-77.940858632687,0.03488372093023256,86,11.368077525299999,11.217899302699513,0.06976744186046512,86,0.9868558004782635,0.9592052865620052,0.09523809523809523,84,28.82759608158775,32.2302272038343,0.05813953488372093,86,15.7306266666667,16.685852762047716,0.03488372093023256,86
移动,-74.8659020518726,-74.96919041032898,0.029069767441860465,172,11.56246036389375,12.00319585618614,0.06395348837209303,172,0.9930986250599945,0.9760816629105753,0.1130952380952381,168,45.808558912070154,48.284528303642325,0.029069767441860465,172,24.5302618329972,30.78387948502166,0.023255813953488372,172
