metric,operator_a,operator_b,n_a,n_b,mean_a,mean_b,t_stat,p_value
x1_平均SS-RSRP,电信,移动,86,172,-78.01586644224197,-74.96781401712772,-2.379910606640322,0.018422162157342627
x1_平均SS-SINR,电信,移动,86,172,11.403130989732196,12.108216341350445,-0.9635533401469012,0.33668359328304953
x1_覆盖率1,电信,移动,84,168,0.9374179959972825,0.9625275887659147,-1.5957274191031472,0.1133747662037584
y1_应用层下行平均吞吐率,电信,移动,86,172,32.53337478770885,48.73231831308011,-5.719141119531994,3.4260697951584366e-08
z1_应用层上行平均吞吐率,电信,移动,86,172,17.444377443892424,31.01364279323397,-6.82859926273762,6.207978806211709e-11
effective_dl,电信,移动,86,172,32.53163562878022,48.722256906551486,-5.7155935185775535,3.4886108626975224e-08
effective_ul,电信,移动,86,172,17.42088425061802,30.973523651318438,-6.827700696384381,6.241089461042321e-11
