{
  "weekday_flow_mean": {
    "0": 1557187641.1666667,
    "1": 1525726946.1875,
    "2": 1543556794.4375,
    "3": 1556636399.8125,
    "4": 1578676646.4375
  },
  "weekday_user_mean": {
    "0": 445586911.4270833,
    "1": 442981459.0234375,
    "2": 437019767.3046875,
    "3": 427891011.609375,
    "4": 443610585.6171875
  },
  "thu_flow_rank": 3,
  "thu_user_rank": 1,
  "midday_hours": [
    10,
    17
  ],
  "evening_hours": [
    18,
    22
  ],
  "midday_flow_mean": {
    "mon_wed": 1195.707859015439,
    "thu": 1119.522328809226,
    "fri": 1115.3124275976616
  },
  "midday_user_mean": {
    "mon_wed": 350.95690160989045,
    "thu": 307.90311321214415,
    "fri": 312.8738849485488
  },
  "evening_flow_mean": {
    "mon_wed": 1316.831425726176,
    "thu": 1272.1993475158804,
    "fri": 1242.8004592513885
  },
  "evening_user_mean": {
    "mon_wed": 304.0129605300171,
    "thu": 311.97900446065535,
    "fri": 326.34297248998826
  },
  "peak_duration_hours": {
    "mon_wed": 5,
    "thu": 4,
    "fri": 4
  },
  "thursday_exclusion": {
    "thursday_flow_all": 1504440283.6666667,
    "thursday_flow_wo_chuxi": 1556636399.8125,
    "thursday_user_all": 411824253.8125,
    "thursday_user_wo_chuxi": 427891011.609375,
    "mon_wed_flow_mean": 1487747486.9230769,
    "mon_wed_user_mean": 425993077.1442308
  },
  "scene_thursday_retention": {
    "2": {
      "weekly_mean": 5317687.964454576,
      "thursday_mean": 5252616.707335993,
      "retention": 0.9877632426811155
    },
    "5": {
      "weekly_mean": 3211987.820647585,
      "thursday_mean": 3321762.4628398344,
      "retention": 1.0341765437236674
    },
    "6": {
      "weekly_mean": 1949025.4679992737,
      "thursday_mean": 1934350.4977929227,
      "retention": 0.9924706113658868
    },
    "16": {
      "weekly_mean": 834360.4317412132,
      "thursday_mean": 814943.9264616541,
      "retention": 0.976728875746134
    },
    "0": {
      "weekly_mean": 799505.154484072,
      "thursday_mean": 803872.0265333387,
      "retention": 1.0054619685999207
    },
    "1": {
      "weekly_mean": 633053.558752656,
      "thursday_mean": 702296.0383922071,
      "retention": 1.109378548911381
    },
    "18": {
      "weekly_mean": 571956.2121104242,
      "thursday_mean": 555711.1536431868,
      "retention": 0.9715973738491347
    },
    "4": {
      "weekly_mean": 506879.530481253,
      "thursday_mean": 518863.79348862945,
      "retention": 1.023643217543226
    },
    "3": {
      "weekly_mean": 492499.18945444777,
      "thursday_mean": 557882.4236409207,
      "retention": 1.132758054401875
    },
    "15": {
      "weekly_mean": 457705.88654117717,
      "thursday_mean": 444263.03375374,
      "retention": 0.9706299324900035
    },
    "10": {
      "weekly_mean": 427484.1798334337,
      "thursday_mean": 390266.78719933203,
      "retention": 0.9129385497994261
    },
    "13": {
      "weekly_mean": 361337.608087534,
      "thursday_mean": 359725.2674898886,
      "retention": 0.9955378555634462
    },
    "8": {
      "weekly_mean": 337050.02719823096,
      "thursday_mean": 354385.3798455617,
      "retention": 1.0514325804730915
    },
    "14": {
      "weekly_mean": 320571.26578034955,
      "thursday_mean": 311717.08852389397,
      "retention": 0.9723800034450926
    },
    "19": {
      "weekly_mean": 229969.60062347256,
      "thursday_mean": 220568.3449001736,
      "retention": 0.9591195719007594
    },
    "12": {
      "weekly_mean": 154958.78591619688,
      "thursday_mean": 157063.5866669078,
      "retention": 1.0135829713576177
    },
    "11": {
      "weekly_mean": 125656.7371082306,
      "thursday_mean": 113696.19767381779,
      "retention": 0.9048157726385099
    },
    "7": {
      "weekly_mean": 125186.90543423257,
      "thursday_mean": 125300.91285290904,
      "retention": 1.0009106976347169
    },
    "9": {
      "weekly_mean": 84426.23920133915,
      "thursday_mean": 86436.63943973495,
      "retention": 1.0238125049441253
    },
    "17": {
      "weekly_mean": 77081.31751213133,
      "thursday_mean": 70344.52410101121,
      "retention": 0.9126014755772712
    }
  },
  "weekday_flow_per_user": {
    "0": 3.5302120639059797,
    "1": 3.4485903632468795,
    "2": 3.502450418128802,
    "3": 3.654799366584405,
    "4": 3.624888134192455,
    "5": 3.591202625828936,
    "6": 3.5697439094976744
  },
  "weekday_flow_mean_excl_chuxi": {
    "0": 1496051732.125,
    "1": 1476339793.0555556,
    "2": 1491773629.5,
    "3": 1556636399.8125,
    "4": 1532890820.8888888,
    "5": 1497631035.8125,
    "6": 1472057434.125
  },
  "weekday_user_mean_excl_chuxi": {
    "0": 425110851.484375,
    "1": 428193333.2569444,
    "2": 424577021.6180556,
    "3": 427891011.609375,
    "4": 425117356.0555556,
    "5": 417848423.59765625,
    "6": 413244715.8828125
  }
}