{
  "global": {
    "flow": {
      "count": 93850560,
      "mean": 956.5731187965208,
      "var": 2231028.237631073,
      "std": 1493.6626920530196,
      "min": 0.0,
      "max": 329743.90625
    },
    "user": {
      "count": 93850560,
      "mean": 269.1197561740708,
      "var": 154902.6690451535,
      "std": 393.57676385319485,
      "min": 0.0,
      "max": 15925.0
    },
    "flow_per_user": {
      "count": 93488836,
      "mean": 6.298272753123165,
      "var": 326.40521269114004,
      "std": 18.066687928094073,
      "min": 0.0,
      "max": 7050.7099609375
    },
    "par": {
      "count": 93850560,
      "mean": 4.775862077967356,
      "var": 13.368216285308137,
      "std": 3.6562571415736254,
      "min": 1.2743250131607056,
      "max": 104.90887451171875
    },
    "activity": {
      "count": 93850560,
      "mean": 0.009900078540171338,
      "var": 0.0001903145337705701,
      "std": 0.013795453373143272,
      "min": 0.0,
      "max": 0.5418946146965027
    }
  },
  "cell_distribution": {
    "type_counts": {
      "0.0": 25108,
      "1.0": 38702,
      "2.0": 1364
    },
    "scene_counts_top12": {
      "2.0": 18544,
      "5.0": 16185,
      "6.0": 8746,
      "16.0": 3903,
      "1.0": 2197,
      "4.0": 1709,
      "3.0": 1700,
      "0.0": 1643,
      "15.0": 1584,
      "14.0": 1553,
      "13.0": 1516,
      "10.0": 1318
    },
    "scene_type_top10": {
      "S2-T1": 14512,
      "S5-T0": 11400,
      "S6-T1": 8560,
      "S5-T1": 4731,
      "S16-T1": 3899,
      "S2-T0": 3391,
      "S0-T0": 1625,
      "S3-T0": 1624,
      "S1-T0": 1583,
      "S14-T1": 1550
    }
  },
  "cells": {
    "total_cells": 65174,
    "silent_threshold": 0.3,
    "silent_cells": 27,
    "high_load_threshold": 6093868.3199999975,
    "high_load_cells": 652
  },
  "derived_metrics": {
    "flow_mean": "小区平均业务流量 = flow_sum / flow_count",
    "user_mean": "小区平均用户数 = user_sum / user_count",
    "flow_per_user": "人均流量 = flow_sum / user_sum",
    "flow_cv": "流量变异系数 = flow_std / flow_mean",
    "silent_ratio": "静默比例 = silent_count / record_count",
    "peak_ratio": "峰均比 = flow_max / flow_mean",
    "activity_mean": "活跃度均值 = activity_sum / activity_count",
    "par_mean": "PAR 均值 = par_sum / par_count"
  },
  "top10_flow": [
    {
      "CELL_ID": 621,
      "flow_sum": 24892078.0,
      "SCENE": 2.0,
      "TYPE": 1.0
    },
    {
      "CELL_ID": 39033,
      "flow_sum": 22819772.0,
      "SCENE": 2.0,
      "TYPE": 1.0
    },
    {
      "CELL_ID": 620,
      "flow_sum": 21360752.0,
      "SCENE": 2.0,
      "TYPE": 1.0
    },
    {
      "CELL_ID": 59748,
      "flow_sum": 20811314.0,
      "SCENE": 18.0,
      "TYPE": 1.0
    },
    {
      "CELL_ID": 29982,
      "flow_sum": 18929068.0,
      "SCENE": 15.0,
      "TYPE": 0.0
    },
    {
      "CELL_ID": 29983,
      "flow_sum": 17176422.0,
      "SCENE": 15.0,
      "TYPE": 0.0
    },
    {
      "CELL_ID": 25630,
      "flow_sum": 16865364.0,
      "SCENE": 16.0,
      "TYPE": 1.0
    },
    {
      "CELL_ID": 31945,
      "flow_sum": 16825510.0,
      "SCENE": 0.0,
      "TYPE": 0.0
    },
    {
      "CELL_ID": 2821,
      "flow_sum": 15552098.0,
      "SCENE": 2.0,
      "TYPE": 1.0
    },
    {
      "CELL_ID": 53661,
      "flow_sum": 14682115.0,
      "SCENE": 2.0,
      "TYPE": 1.0
    }
  ],
  "top10_flow_per_user": [
    {
      "CELL_ID": 16334,
      "flow_per_user": 74.29314422607422,
      "SCENE": 5.0,
      "TYPE": 0.0
    },
    {
      "CELL_ID": 54676,
      "flow_per_user": 55.25054931640625,
      "SCENE": 5.0,
      "TYPE": 0.0
    },
    {
      "CELL_ID": 16305,
      "flow_per_user": 53.401973724365234,
      "SCENE": 5.0,
      "TYPE": 0.0
    },
    {
      "CELL_ID": 16311,
      "flow_per_user": 51.91984176635742,
      "SCENE": 5.0,
      "TYPE": 0.0
    },
    {
      "CELL_ID": 54688,
      "flow_per_user": 50.28590393066406,
      "SCENE": 5.0,
      "TYPE": 0.0
    },
    {
      "CELL_ID": 54681,
      "flow_per_user": 50.19087219238281,
      "SCENE": 5.0,
      "TYPE": 0.0
    },
    {
      "CELL_ID": 16308,
      "flow_per_user": 49.84407424926758,
      "SCENE": 5.0,
      "TYPE": 0.0
    },
    {
      "CELL_ID": 54687,
      "flow_per_user": 49.740543365478516,
      "SCENE": 5.0,
      "TYPE": 0.0
    },
    {
      "CELL_ID": 16310,
      "flow_per_user": 49.26408386230469,
      "SCENE": 5.0,
      "TYPE": 0.0
    },
    {
      "CELL_ID": 54674,
      "flow_per_user": 47.65144348144531,
      "SCENE": 5.0,
      "TYPE": 0.0
    }
  ]
}